[
	{
		"show": "'有一天，主角在放學回家的路上'"
	},
	{
		"show": "'主角：「這是什麼？」'"
	},
	{
		"show": "'主角在地上發現了十元'"
	},
	{
		"show": "'主角：「哦！哦！哦！是十塊錢！」'"
	},
	{
		"select": {
			"title": "'     該怎麼做？        '",
			"option": [
				{
					"text": "'撿起來！'",
					"then": [
						{
							"exec": "SC.momey += 10"
						},
						{
							"show": "'主角：「朝爽Der～撿到十塊錢哩～....雷！」'"
						}
					]
				},
				{
					"text": "'還要彎下去，好累ㄛ'",
					"then": [
						{
							"show": "'主角：「這點小錢本大爺才不削拿」'"
						},
						{
							"show": "'其實是太胖了，灣不太下去'"
						},
						{
							"sleep": 3
						},
						{
							"show": "'主角：「啊！被撿走了」'"
						},
						{
							"show": "'主角：「可惡！還是想撿...」'"
						}
					]
				}
			]
		}
	},
	{
		"show": "'主角現在身上還有' + SC.momey + '元'"
	},
	{
		"show": "'接著，肥宅...痾不對！是主角，繼續往家的方向走'"
	},
	{
		"show": "'...'"
	},
	{
		"show": "'..'"
	},
	{
		"show": "'.'"
	},
	{
		"show": "'主角：「走了這麼遠了，口好渴喔」'"
	},
	{
		"show": "'...其實只走了一百多公尺'"
	},
	{
		"show": "'主角：「嘿！嘿！嘿！有台販賣機ㄟ」'"
	},
	{
		"exec": "SC.沒買 = true"
	},
	{
		"while": "SC.沒買",
		"then":[
			{
				"select": {
					"title": "'              該怎麼做？              '",
					"option": [
						{
							"text": "'買！買！買！我想喝快樂水！'",
							"then": [
								{
									"exec": "SC.沒買 = false"
								},
								{
									"show": "'主角：「太棒了！快給我快樂水！」'"
								},
								{
									"if": "SC.momey >= 29",
									"then": [
										{
											"show": "'主角：「寶特瓶裝的要29元」'"
										},
										{
											"show": "'主角：「身上有'+ SC.momey +'元，夠！買！」'"
										},
										{
											"show": "'-投幣-'"
										},
										{
											"show": "'-快樂水掉下來-'"
										},
										{
											"show": "'-拿起-'"
										},
										{
											"show": "'-大喝一口-'"
										},
										{
											"show": "'主角：「哈～努力過後就是應該要喝快樂水啦！」'"
										},
										{
											"show": "'主角：「爽！！！」'"
										},
										{
											"exec": "SC.momey -= 29"
										}
									]
								},
								{
									"elseif": "SC.momey >= 15",
									"then": [
										{
											"show": "'主角：「寶特瓶裝的要29元」'"
										},
										{
											"show": "'主角：「身上有'+ SC.momey +'元...」'"
										},
										{
											"show": "'主角：「ㄇㄉ！只夠買鋁罐裝的...」'"
										},
										{
											"show": "'主角：「快樂水就是應該要喝瓶裝的才過癮啊！！！」'"
										},
										{
											"show": "'主角：「...」'"
										},
										{
											"show": "'主角：「...叫太大聲了，旁邊的人都在看了」'"
										},
										{
											"show": "'-投幣-'"
										},
										{
											"show": "'-快樂水掉下來-'"
										},
										{
											"show": "'-拿起-'"
										},
										{
											"show": "'-大喝一口-'"
										},
										{
											"show": "'主角：「哈～努力過後就是應該要喝快樂水啦！」'"
										},
										{
											"show": "'主角：「爽！」'"
										},
										{
											"exec": "SC.momey -= 15"
										}
									]
								},
								{
									"else": [
										{
											"show": "'主角：「身上只有'+ SC.momey +'元...」'"
										},
										{
											"show": "'主角：「尬拎良啦！這樣是要怎麼買快樂水啦！」'"
										},
										{
											"show": "'主角：「這樣豈不是要去喝尿了嗎？！！！」'"
										},
										{
											"show": "'主角：「吼！氣！氣！氣！氣！氣！」'"
										},
										{
											"show": "'主角：「...」'"
										},
										{
											"show": "'主角：「算了！狗才喝快樂水，喝尿去吧！」'"
										},
										{
											"show": "'主角：「...」'"
										},
										{
											"show": "'主角：「不對！！狗才喝尿啦！」'"
										},
										{
											"show": "'主角：「淦！」'"
										},
										{
											"show": "'主角：「...」'"
										}
									]
								}
							]
						},
						{
							"text": "'...離販賣機還有點距離，懶得走過去'",
							"then": [
								{
									"show": "'主角：「走得越久，快樂水就會越好喝」'"
								},
								{
									"show": "'主角：「現在的快樂水一定還不夠讓我快樂！」'"
								},
								{
									"show": "'...'"
								},
								{
									"show": "'..'"
								},
								{
									"show": "'.'"
								},
								{
									"show": "'主角：「可是我還是想喝快樂水...」'"
								}
							]
						}
					]
				}
			}
		]
	},
	{
		"show": "'主角現在身上還有' + SC.momey + '元'"
	},
	{
		"show": "'主角繼續往家的方向前進'"
	},
	{
		"show": "'主角走了一段距離後經過了商店街'"
	},
	{
		"show": "'這時，主角發現自己喜歡的班花 小美'"
	},
	{
		"show": "'主角：「哇～是小美ㄟ，什麼時候看到，都一樣是那麼的好看，那麼的正！」'"
	},
	{
		"show": "'主角：「嘿！嘿！嘿！嘿！嘿！嘿！」'"
	},
	{
		"show": "'主角一副噁宅樣子，滴著口水，望著小美的方向看去'"
	},
	{
		"show": "'主角：「嗯？」'"
	},
	{
		"show": "'...'"
	},
	{
		"show": "'這時，主角發現自己喜歡的小美正在被一位男子搭話'"
	},
	{
		"show": "'男子：「美女～我看妳好像很有空，要不要一起去個好玩的地方啊？」'"
	},
	{
		"show": "'小美一臉很困擾的表情'"
	},
	{
		"show": "'小美：「...謝謝，不用，我並不有空，我在等人」'"
	},
	{
		"show": "'男子：「別這麼說嘛～一起去啦～」'"
	},
	{
		"show": "'小美：「...」'"
	},
	{
		"show": "'主角：「那個男人是誰？在幹嘛？跟小美是什麼關西？」'"
	},
	{
		"show": "'主角：「那男的一頭像刺蝟的金髮，穿著吊嘎，手上還有刺青」'"
	},
	{
		"show": "'主角：「難道說.....」'"
	},
	{
		"show": "'主角：「小美正在被騷擾！」'"
	},
	{
		"show": "'是的，她正在被騷擾'"
	},
	{
		"show": "'主角：「...可是看小美的表情，跟平常跟我講話時是同一個表情啊」'"
	},
	{
		"show": "'主角：「真的是在被騷擾嗎？」'"
	},
	{
		"show": "'主角：「...」'"
	},
	{
		"show": "'主角：「算了！那男的一看就不是什麼好東西！」'"
	},
	{
		"show": "'主角：「趕快想點辦法幫助小美吧！」'"
	},
	{
		"while": "true",
		"then": [
			{
				"select": {
					"title": "'       該怎麼做？       '",
					"option": [
						{
							"text": "'衝上前，胖揍他一頓'",
							"then": [
								{
									"show": "'主角：「好！揍他！給他一頓粗飽！」'"
								},
								{
									"show": "'主角：「...」'"
								},
								{
									"show": "'主角：「不對，他看起來好像很屌」'"
								},
								{
									"show": "'主角：「搞不好吃粗飽的就會是我」'"
								},
								{
									"show": "'主角：「...」'"
								}
							]
						},
						{
							"text": "'拿東西丟砸他，把他砸跑'",
							"then": [
								{
									"show": "'主角：「比起近戰，我還是比較適合遠攻」'"
								},
								{
									"goto": "1-2"
								}
							]
						}
					]
				}
			}
		]
	}
]