[
	{
		"show": "'主角：「不管了！直接丟！」'"
	},
	{
		"show": "'主角：「嘿！」'"
	},
	{
		"show": "'主角這一丟'"
	},
	{
		"show": "'硬幣不偏不倚的直接砸到了男子的額頭上'"
	},
	{
		"show": "'然後掉落在男子的右手上'"
	},
	{
		"show": "'男子：「五塊錢？」'"
	},
	{
		"show": "'男子：「他嗎的！是誰？丟這五塊錢？當我他嗎的是乞丐啊?」'"
	},
	{
		"show": "'男子憤怒咆哮著'"
	},
	{
		"show": "'接著，男子看向了主角，瞪了一眼，並快步跑向主角'"
	},
	{
		"show": "'男子：「是你丟的？」'"
	},
	{
		"show": "'主角：「不是啊！大哥！不是我丟的！」'"
	},
	{
		"show": "'男子：「你屁！我看你一臉他媽的把我當乞丐看著我！」'"
	},
	{
		"show": "'男子：「不是你會是誰？」'"
	},
	{
		"show": "'主角：「不是啊！大哥！」'"
	},
	{
		"show": "'男子：「廢話少說！」'"
	},
	{
		"show": "'接著，男子就把主角胖揍了一頓'"
	},
	{
		"show": "'主角的臉被揍得像豬頭...'"
	},
	{
		"show": "'不對'"
	},
	{
		"show": "'主角的臉本來就胖得像豬頭'"
	},
	{
		"show": "'應該是說被揍成原來的兩倍大'"
	},
	{
		"show": "'然後晚了三天回到家'"
	},
	{
		"show": "'至於小美'"
	},
	{
		"show": "'趁著男子在揍主角的時候跑掉了'"
	},
	{
		"show": "'...'"
	},
	{
		"show": "'END'"
	}
]