[
	{
		"show": "'主角：「直接丟錢應該沒什麼效果」'"
	},
	{
		"show": "'主角：「至少買個東西來丟吧」'"
	},
	{
		"show": "'主角：「但是要買什麼」'"
	},
	{
		"show": "'主角：「...」'"
	},
	{
		"show": "'就在主角思考的時候'"
	},
	{
		"show": "'他的眼睛剛好看到了一家賣雨傘的店'"
	},
	{
		"show": "'主角：「啊！買雨傘好了！可以當長槍丟過去！」'"
	},
	{
		"show": "'主角快步地走到傘店'"
	},
	{
		"show": "'主角：「...」'"
	},
	{
		"show": "'主角：「最便宜的傘也要10元，可是我只有'+ SC.momey +'元」'"
	},
	{
		"show": "'主角馬上翻找身上還有沒有錢'"
	},
	{
		"show": "'就在這時，他在內褲裡摸到了5元，剛好揍齊了10元'"
	},
	{
		"exec": "SC.momey += 5"
	},
	{
		"show": "'馬上向老闆買了把便宜的塑膠傘'"
	},
	{
		"exec": "SC.momey -= 10"
	},
	{
		"show": "'然後跑去砸向男子'"
	},
	{
		"show": "'主角：「嘿！」'"
	},
	{
		"show": "'主角奮力的一丟'"
	},
	{
		"show": "'傘在空中劃出了拋物線'"
	},
	{
		"show": "'然後不偏不倚地插到了男子的右眼'"
	},
	{
		"show": "'男子：「啊～」'"
	},
	{
		"show": "'男子痛到大叫了一聲'"
	},
	{
		"show": "'然後一個腳步沒站穩，跌了一跤'"
	},
	{
		"show": "'然後撞到了頭，昏了過去'"
	},
	{
		"show": "'主角：「成功了...」'"
	},
	{
		"show": "'主角：「哦！哦！哦！太好了！成功了！」'"
	},
	{
		"show": "'主角開心地跳了起來，振了一下地面並揚起了沙塵'"
	},
	{
		"show": "'然號跑向了小美'"
	},
	{
		"show": "'小美：「額哦！」'"
	},
	{
		"show": "'看到乎有龐然大物，拔山倒數而來的小美'"
	},
	{
		"show": "'嚇到向後退了一小步'"
	},
	{
		"show": "'主角：「小美！你沒事吧！沒有受傷吧！哈～哈～哈～」'"
	},
	{
		"show": "'主角邊喘著氣邊講著'"
	},
	{
		"show": "'小美：「沒...沒事」'"
	},
	{
		"show": "'小美有點受錯愕的回答著'"
	},
	{
		"show": "'小美：「那個...是你救了我嗎?」'"
	},
	{
		"show": "'主角：「沒錯！」'"
	},
	{
		"show": "'主角迅速挺起了胸膛回答著，圓潤的胸膛還顫動的回彈了三下'"
	},
	{
		"show": "'小美：「這樣啊，謝謝你喔」'"
	},
	{
		"show": "'小美臉上擠出了笑容說著'"
	},
	{
		"show": "'主角：「那個！這附近有家好喝的咖啡廳，要不要一起去喝個咖啡？」'"
	},
	{
		"show": "'小美：「痾...那個，我還有事，謝謝你的邀請」'"
	},
	{
		"show": "'說完話，小美就快步地走掉了'"
	},
	{
		"show": "'剩下主角呆站在原地'"
	},
	{
		"show": "'後來主角就像是失了智的一樣，默默地走了回家'"
	},
	{
		"show": "'至於是怎麼走回家的，連主角自己都不知道...'"
	},
	{
		"show": "'HAPPY END?'"
	}
]